,City,Lat,Lng,Max temp,Humidity,Cloudiness,Wind Speed,Country,Date
0,saint george,37.1041,-113.5841,48.99,46,1,3.44,US,2021-02-01
1,port elizabeth,-33.918,25.5701,66.2,77,40,16.11,ZA,2021-02-01
2,yellowknife,62.456,-114.3525,-7.6,84,75,5.75,CA,2021-02-01
3,port macquarie,-31.4333,152.9167,84.0,52,4,4.0,AU,2021-02-01
4,albany,42.6001,-73.9662,15.01,55,100,2.26,US,2021-02-01
5,padang,-0.9492,100.3543,83.93,63,90,2.53,ID,2021-02-01
6,hithadhoo,-0.6,73.0833,82.11,78,41,9.95,MV,2021-02-01
7,busselton,-33.65,115.3333,86.0,36,0,3.0,AU,2021-02-01
8,ushuaia,-54.8,-68.3,50.0,76,75,13.8,AR,2021-02-01
9,thompson,55.7435,-97.8558,5.0,85,40,2.3,CA,2021-02-01
10,victoria,22.2855,114.1577,75.99,64,20,6.91,HK,2021-02-01
11,tuktoyaktuk,69.4541,-133.0374,-27.4,75,20,3.44,CA,2021-02-01
12,rudbar,30.15,62.6,61.29,32,0,6.76,AF,2021-02-01
13,puerto ayora,-0.7393,-90.3518,78.01,91,36,3.0,EC,2021-02-01
14,barrow,71.2906,-156.7887,-14.8,76,1,11.5,US,2021-02-01
15,butaritari,3.0707,172.7902,81.25,82,53,14.03,KI,2021-02-01
16,bengkulu,-3.8004,102.2655,85.46,59,77,5.99,ID,2021-02-01
17,kapaa,22.0752,-159.319,73.4,73,40,11.5,US,2021-02-01
18,alice springs,-23.7,133.8833,98.6,20,0,13.8,AU,2021-02-01
19,cape town,-33.9258,18.4232,64.0,72,0,21.85,ZA,2021-02-01
20,vaini,-21.2,-175.2,78.8,94,90,9.22,TO,2021-02-01
21,mazatlan,23.2167,-106.4167,64.99,82,90,4.61,MX,2021-02-01
22,hirara,24.8,125.2833,75.2,56,20,14.97,JP,2021-02-01
23,sitka,57.0531,-135.33,30.2,80,1,4.34,US,2021-02-01
24,san cristobal,7.7669,-72.225,66.09,74,94,2.93,VE,2021-02-01
25,port blair,11.6667,92.75,82.89,70,24,16.93,IN,2021-02-01
26,fukue,32.6881,128.8419,60.8,88,75,18.41,JP,2021-02-01
27,nanakuli,21.3906,-158.1547,77.0,53,1,5.75,US,2021-02-01
28,kruisfontein,-34.0033,24.7314,62.01,94,73,1.99,ZA,2021-02-01
29,qaanaaq,77.484,-69.3632,-4.13,88,100,2.51,GL,2021-02-01
30,tamandare,-8.7597,-35.1047,77.29,81,100,7.18,BR,2021-02-01
31,punta arenas,-53.15,-70.9167,53.6,62,90,31.07,CL,2021-02-01
32,tasiilaq,65.6145,-37.6368,14.0,62,90,2.3,GL,2021-02-01
33,isla mujeres,21.2311,-86.731,75.0,94,40,3.89,MX,2021-02-01
34,berdigestyakh,62.0989,126.6992,-39.21,79,100,6.06,RU,2021-02-01
35,vao,-22.6667,167.4833,75.83,77,100,24.56,NC,2021-02-01
36,saint-philippe,-21.3585,55.7679,84.2,51,0,8.05,RE,2021-02-01
37,rikitea,-23.1203,-134.9692,79.63,64,19,6.71,PF,2021-02-01
38,verkhnyaya inta,65.9811,60.3094,17.46,91,100,16.2,RU,2021-02-01
39,lebu,-37.6167,-73.65,56.71,87,19,12.93,CL,2021-02-01
40,bambous virieux,-20.3428,57.7575,82.4,74,40,11.5,MU,2021-02-01
41,chuy,-33.6971,-53.4616,69.85,91,100,12.26,UY,2021-02-01
42,talnakh,69.4865,88.3972,-15.92,79,100,8.86,RU,2021-02-01
43,taoudenni,22.6783,-3.9836,65.3,25,8,8.3,ML,2021-02-01
44,clyde river,70.4692,-68.5914,-4.0,84,90,26.46,CA,2021-02-01
45,hermanus,-34.4187,19.2345,59.0,79,95,15.41,ZA,2021-02-01
46,tura,25.5198,90.2201,70.83,33,0,1.36,IN,2021-02-01
47,wanganui,-39.9333,175.05,72.0,53,0,5.99,NZ,2021-02-01
48,khatanga,71.9667,102.5,-36.56,82,1,8.7,RU,2021-02-01
49,pangnirtung,66.1451,-65.7125,-6.5,86,100,7.52,CA,2021-02-01
50,marystown,47.1666,-55.1483,27.77,92,100,14.81,CA,2021-02-01
51,vershino-shakhtaminskiy,51.3012,117.8868,-19.19,83,64,5.37,RU,2021-02-01
52,jamestown,42.097,-79.2353,26.01,80,90,9.22,US,2021-02-01
53,ponta do sol,32.6667,-17.1,55.99,52,0,1.99,PT,2021-02-01
54,merauke,-8.4667,140.3333,81.79,83,89,12.46,ID,2021-02-01
55,castro,-24.7911,-50.0119,63.86,95,83,2.19,BR,2021-02-01
56,faanui,-16.4833,-151.75,80.89,75,78,10.6,PF,2021-02-01
57,moose jaw,50.4001,-105.5344,6.8,92,49,8.05,CA,2021-02-01
58,roma,43.2128,-75.4557,16.0,62,1,5.75,US,2021-02-01
59,natal,-5.795,-35.2094,80.6,74,75,11.5,BR,2021-02-01
60,mahebourg,-20.4081,57.7,82.4,74,40,11.5,MU,2021-02-01
61,bonavista,48.6499,-53.1147,30.0,93,100,6.91,CA,2021-02-01
62,kualakapuas,-3.0091,114.3876,78.8,89,75,8.05,ID,2021-02-01
63,khandyga,62.6667,135.6,-45.54,75,77,0.89,RU,2021-02-01
64,bartica,6.4,-58.6167,73.4,94,20,4.61,GY,2021-02-01
65,port alfred,-33.5906,26.891,66.99,86,95,5.01,ZA,2021-02-01
66,bredasdorp,-34.5322,20.0403,59.0,79,96,9.51,ZA,2021-02-01
67,bathsheba,13.2167,-59.5167,78.8,65,40,21.85,BB,2021-02-01
68,norman wells,65.282,-126.8329,-23.8,76,75,5.75,CA,2021-02-01
69,upernavik,72.7868,-56.1549,3.83,93,100,6.93,GL,2021-02-01
70,new norfolk,-42.7826,147.0587,72.0,56,75,12.66,AU,2021-02-01
71,lompoc,34.6391,-120.4579,53.6,71,1,1.9,US,2021-02-01
72,mar del plata,-38.0023,-57.5575,64.0,72,75,10.36,AR,2021-02-01
73,belmonte,-15.8631,-38.8828,77.0,78,20,4.61,BR,2021-02-01
74,fairbanks,64.8378,-147.7164,-5.8,77,90,2.64,US,2021-02-01
75,ayan,56.45,138.1667,-20.74,72,98,12.5,RU,2021-02-01
76,kulhudhuffushi,6.6221,73.07,81.93,74,99,10.04,MV,2021-02-01
77,mataura,-46.1927,168.8643,73.94,47,46,6.55,NZ,2021-02-01
78,kaele,10.1092,14.4508,69.85,24,0,9.95,CM,2021-02-01
79,sisimiut,66.9395,-53.6735,7.09,82,74,11.59,GL,2021-02-01
80,port hardy,50.6996,-127.4199,42.8,100,90,4.61,CA,2021-02-01
81,den helder,52.9599,4.7593,32.0,86,90,14.97,NL,2021-02-01
82,galle,6.0367,80.217,80.73,75,2,1.45,LK,2021-02-01
83,svetlogorsk,52.6333,29.7333,14.11,97,30,5.7,BY,2021-02-01
84,solton,52.8429,86.4787,9.21,90,56,3.47,RU,2021-02-01
85,sompeta,18.9333,84.6,75.24,66,0,6.82,IN,2021-02-01
86,necochea,-38.5473,-58.7368,50.0,81,100,9.15,AR,2021-02-01
87,nikolskoye,59.7035,30.7861,24.8,86,75,11.18,RU,2021-02-01
88,innisfail,-17.5333,146.0333,81.48,78,100,9.57,AU,2021-02-01
89,atuona,-9.8,-139.0333,78.75,76,5,18.52,PF,2021-02-01
90,atuntaqui,0.3333,-78.2167,53.6,82,20,5.75,EC,2021-02-01
91,ribeira grande,38.5167,-28.7,63.46,84,95,33.31,PT,2021-02-01
92,orcopampa,-15.2661,-72.3417,48.36,60,100,0.25,PE,2021-02-01
93,bria,6.5423,21.9863,64.49,39,3,2.37,CF,2021-02-01
94,bluff,-46.6,168.3333,60.82,70,36,16.6,NZ,2021-02-01
95,methoni,36.8197,21.7049,59.0,94,75,10.11,GR,2021-02-01
96,narsaq,60.9167,-46.05,41.0,30,75,14.97,GL,2021-02-01
97,mehamn,71.0357,27.8492,19.4,79,0,8.05,NO,2021-02-01
98,san marco in lamis,41.7131,15.6399,46.4,100,75,10.36,IT,2021-02-01
99,longyearbyen,78.2186,15.6401,6.8,33,75,12.66,SJ,2021-02-01
100,cabo san lucas,22.8909,-109.9124,66.0,88,20,1.43,MX,2021-02-01
101,montepuez,-13.1256,38.9997,69.55,99,100,3.96,MZ,2021-02-01
102,boueni,-12.9025,45.0761,78.8,89,65,2.3,YT,2021-02-01
103,iqaluit,63.7506,-68.5145,5.0,72,90,9.22,CA,2021-02-01
104,caravelas,-17.7125,-39.2481,74.59,86,3,5.01,BR,2021-02-01
105,lovington,32.944,-103.3485,42.01,51,1,6.53,US,2021-02-01
106,dhidhdhoo,6.8833,73.1,81.88,74,100,10.11,MV,2021-02-01
107,guilin,25.2819,110.2864,59.0,82,90,0.78,CN,2021-02-01
108,cockburn town,21.4612,-71.1419,75.74,77,80,22.26,TC,2021-02-01
109,kirakira,-10.4544,161.9205,83.84,75,61,24.79,SB,2021-02-01
110,rocha,-34.4833,-54.3333,67.89,83,100,8.79,UY,2021-02-01
111,souillac,-20.5167,57.5167,82.4,74,40,11.5,MU,2021-02-01
112,zhanaozen,43.3,52.8,37.22,91,15,3.47,KZ,2021-02-01
113,porto novo,6.4965,2.6036,82.4,89,40,2.3,BJ,2021-02-01
114,bethel,41.3712,-73.414,19.99,58,90,6.91,US,2021-02-01
115,gushikawa,26.3544,127.8686,73.4,60,20,12.66,JP,2021-02-01
116,oudtshoorn,-33.5907,22.2014,59.0,100,75,6.91,ZA,2021-02-01
117,rawson,-43.3002,-65.1023,70.38,42,5,23.29,AR,2021-02-01
118,pedernales,18.0384,-71.744,76.03,69,50,7.92,DO,2021-02-01
119,luderitz,-26.6481,15.1594,65.26,79,0,17.58,NA,2021-02-01
120,saint-francois,46.4154,3.9054,50.0,87,90,5.75,FR,2021-02-01
121,chino valley,34.7575,-112.4538,37.0,75,1,3.44,US,2021-02-01
122,sistranda,63.7256,8.834,28.4,80,20,12.66,NO,2021-02-01
123,esfarayen,37.0765,57.5101,28.4,80,0,1.99,IR,2021-02-01
124,inhambane,-23.865,35.3833,79.5,86,3,9.04,MZ,2021-02-01
125,owosso,42.9978,-84.1766,26.6,74,90,11.5,US,2021-02-01
126,torbay,47.6666,-52.7314,30.0,93,90,21.85,CA,2021-02-01
127,marsa matruh,31.3525,27.2453,59.0,44,0,18.41,EG,2021-02-01
128,porto velho,-8.7619,-63.9039,75.2,94,20,2.3,BR,2021-02-01
129,alvaraes,-3.2208,-64.8042,74.28,97,100,0.6,BR,2021-02-01
130,high rock,26.6208,-78.2833,71.6,78,0,9.22,BS,2021-02-01
131,dongli,23.5656,116.8194,69.8,56,0,4.47,CN,2021-02-01
132,zhuhai,22.2769,113.5678,79.0,73,20,6.91,CN,2021-02-01
133,haines junction,60.7522,-137.5108,3.2,66,100,9.22,CA,2021-02-01
134,pevek,69.7008,170.3133,-21.3,86,37,4.12,RU,2021-02-01
135,airai,-8.9266,125.4092,71.11,80,90,6.62,TL,2021-02-01
136,san patricio,28.017,-97.5169,64.4,51,1,5.75,US,2021-02-01
137,aasiaat,68.7098,-52.8699,0.1,91,100,9.53,GL,2021-02-01
138,carbonia,39.1672,8.5222,55.4,88,20,8.05,IT,2021-02-01
139,east london,-33.0153,27.9116,66.2,94,90,14.97,ZA,2021-02-01
140,port lincoln,-34.7333,135.8667,66.36,57,37,17.85,AU,2021-02-01
141,baft,29.234,56.6057,39.31,53,0,3.04,IR,2021-02-01
142,beoumi,7.6736,-5.5764,75.2,73,0,4.61,CI,2021-02-01
143,kamenka,51.3223,42.7678,26.01,84,100,6.35,RU,2021-02-01
144,sao miguel do araguaia,-13.275,-50.1628,74.21,84,89,3.0,BR,2021-02-01
145,banda aceh,5.5577,95.3222,84.04,67,49,9.73,ID,2021-02-01
146,tazmalt,36.3868,4.3989,52.88,79,81,8.84,DZ,2021-02-01
147,gamba,-2.65,10.0,77.04,86,100,4.94,GA,2021-02-01
148,karratha,-20.7377,116.8463,78.22,80,100,17.13,AU,2021-02-01
149,arlit,18.7369,7.3853,59.72,26,0,6.42,NE,2021-02-01
150,cuitareo,19.6167,-100.6,64.99,43,2,1.01,MX,2021-02-01
151,hobart,-42.8794,147.3294,75.99,82,75,20.71,AU,2021-02-01
152,bandarbeyla,9.4942,50.8122,72.97,68,30,19.62,SO,2021-02-01
153,tuatapere,-46.1333,167.6833,63.82,65,71,5.28,NZ,2021-02-01
154,libertador general san martin,-23.8064,-64.7876,70.0,98,99,1.66,AR,2021-02-01
155,la ronge,55.1001,-105.2842,17.6,86,30,5.75,CA,2021-02-01
156,mazara del vallo,37.6641,12.588,57.2,72,40,18.41,IT,2021-02-01
157,lavrentiya,65.5833,-171.0,-5.93,86,100,17.18,RU,2021-02-01
158,tsiroanomandidy,-18.7667,46.0333,70.27,86,40,3.6,MG,2021-02-01
159,itoman,26.1247,127.6694,73.0,56,75,13.8,JP,2021-02-01
160,raudeberg,61.9875,5.1352,28.99,93,20,8.05,NO,2021-02-01
161,wanning,18.8003,110.3967,74.75,70,24,8.01,CN,2021-02-01
162,harnosand,62.6323,17.9379,12.0,92,95,3.44,SE,2021-02-01
163,rodrigues alves,-7.738,-72.6509,71.67,97,100,1.41,BR,2021-02-01
164,georgetown,5.4112,100.3354,86.0,62,20,9.22,MY,2021-02-01
165,asfi,32.2994,-9.2372,57.34,76,0,17.09,MA,2021-02-01
166,dikson,73.5069,80.5464,-28.03,79,45,10.29,RU,2021-02-01
167,pilar,-9.5972,-35.9567,73.4,94,40,3.44,BR,2021-02-01
168,kerchevskiy,59.946,56.2884,28.36,98,100,17.6,RU,2021-02-01
169,san policarpo,12.1791,125.5072,80.19,83,97,15.01,PH,2021-02-01
170,alice town,25.7167,-79.3,73.58,75,57,15.68,BS,2021-02-01
171,saskylakh,71.9167,114.0833,-31.09,83,62,7.49,RU,2021-02-01
172,cherskiy,68.75,161.3,-8.68,84,100,6.24,RU,2021-02-01
173,namatanai,-3.6667,152.4333,84.45,76,95,9.89,PG,2021-02-01
174,chokurdakh,70.6333,147.9167,-18.29,87,100,11.25,RU,2021-02-01
175,esperance,-33.8667,121.9,78.8,38,40,12.66,AU,2021-02-01
176,gerash,27.6652,54.1371,42.8,56,0,6.91,IR,2021-02-01
177,kyra,49.5776,111.9753,-12.64,75,3,4.34,RU,2021-02-01
178,nakamura,32.9833,132.9333,57.94,67,75,6.51,JP,2021-02-01
179,almaty,43.25,76.95,30.2,69,75,4.47,KZ,2021-02-01
180,paranaiba,-19.6772,-51.1908,74.1,89,100,4.25,BR,2021-02-01
181,alofi,-19.0595,-169.9187,78.8,89,90,9.22,NU,2021-02-01
182,da nang,16.0678,108.2208,80.6,57,20,4.61,VN,2021-02-01
183,beringovskiy,63.05,179.3167,16.34,96,100,33.91,RU,2021-02-01
184,ixtapa,20.7,-105.2,69.01,94,1,1.92,MX,2021-02-01
185,ilulissat,69.2167,-51.1,8.6,56,75,8.05,GL,2021-02-01
186,dauphin,51.1494,-100.0502,19.4,86,90,5.75,CA,2021-02-01
187,kodiak,57.79,-152.4072,30.2,64,1,3.44,US,2021-02-01
188,hamilton,39.1834,-84.5333,34.0,86,90,12.66,US,2021-02-01
189,touros,-5.1989,-35.4608,78.8,83,40,5.75,BR,2021-02-01
190,tynda,55.1667,124.7167,-33.09,75,87,8.68,RU,2021-02-01
191,haftoni,38.7632,48.7622,35.6,100,40,4.61,AZ,2021-02-01
192,morgan city,29.6994,-91.2068,51.8,66,1,9.22,US,2021-02-01
193,cayenne,4.9333,-52.3333,78.8,83,75,8.05,GF,2021-02-01
194,udachnyy,66.4167,112.4,-38.7,79,100,10.04,RU,2021-02-01
195,skjervoy,70.0311,20.9714,29.79,97,100,13.56,NO,2021-02-01
196,saint anthony,45.0205,-93.218,30.2,69,90,9.22,US,2021-02-01
197,anito,12.4497,125.2886,80.08,85,100,11.86,PH,2021-02-01
198,mandera,3.9366,41.867,71.58,59,0,5.61,KE,2021-02-01
199,brainerd,46.358,-94.2008,26.6,74,90,8.05,US,2021-02-01
200,carnarvon,-24.8667,113.6333,105.8,13,26,17.27,AU,2021-02-01
201,virginia beach,36.8529,-75.978,46.99,87,90,9.22,US,2021-02-01
202,severo-kurilsk,50.6789,156.125,21.63,93,99,42.26,RU,2021-02-01
203,lerwick,60.1545,-1.1494,30.2,69,65,12.66,GB,2021-02-01
204,bosaso,11.2842,49.1816,70.72,69,0,4.43,SO,2021-02-01
205,lusambo,-4.9667,23.45,71.31,88,100,1.19,CD,2021-02-01
206,longhua,23.6137,114.1919,79.14,39,33,4.23,CN,2021-02-01
207,adrar,20.5022,-10.0711,64.04,27,83,8.97,MR,2021-02-01
208,melendugno,40.2747,18.3368,50.0,100,0,4.61,IT,2021-02-01
209,westport,41.1415,-73.3579,24.8,54,90,12.66,US,2021-02-01
210,acajutla,13.5928,-89.8275,77.81,66,35,9.95,SV,2021-02-01
211,south river,40.4465,-74.386,25.0,90,100,4.0,US,2021-02-01
212,maniitsoq,65.4167,-52.9,12.06,79,4,7.07,GL,2021-02-01
213,salalah,17.0151,54.0924,69.8,52,20,3.44,OM,2021-02-01
214,qaqortoq,60.7167,-46.0333,39.2,35,75,8.05,GL,2021-02-01
215,mount gambier,-37.8333,140.7667,66.2,59,90,18.41,AU,2021-02-01
216,kushtagi,15.7667,76.2,75.45,42,29,14.56,IN,2021-02-01
217,provideniya,64.3833,-173.3,-1.25,90,100,25.43,RU,2021-02-01
218,biograd na moru,43.9433,15.4519,42.01,65,75,9.22,HR,2021-02-01
219,broken hill,-31.95,141.4333,87.8,18,100,14.97,AU,2021-02-01
220,owando,-0.4819,15.8999,72.01,93,94,3.87,CG,2021-02-01
221,kaeo,-35.1,173.7833,69.93,57,9,6.2,NZ,2021-02-01
222,gardelegen,52.5252,11.3952,19.99,75,100,7.09,DE,2021-02-01
223,coquimbo,-29.9533,-71.3436,64.4,88,75,3.44,CL,2021-02-01
224,kerouane,9.2667,-9.0167,66.4,25,0,1.19,GN,2021-02-01
225,chapleau,47.8405,-83.4034,0.59,93,93,4.52,CA,2021-02-01
226,deputatskiy,69.3,139.9,-22.49,89,100,2.39,RU,2021-02-01
227,dunedin,-45.8742,170.5036,66.99,59,61,15.01,NZ,2021-02-01
228,kangaatsiaq,68.3065,-53.4641,3.43,92,100,10.96,GL,2021-02-01
229,mwense,-10.3845,28.698,67.42,88,100,0.27,ZM,2021-02-01
230,batagay,67.6333,134.6333,-47.38,75,80,1.1,RU,2021-02-01
231,kurumkan,54.3,110.3,-18.89,80,75,1.5,RU,2021-02-01
232,nizhniy baskunchak,48.2198,46.8311,34.14,93,94,5.06,RU,2021-02-01
233,goulburn,-34.75,149.7167,82.99,50,93,7.56,AU,2021-02-01
234,road town,18.4167,-64.6167,78.01,83,0,18.01,VG,2021-02-01
235,hindaun,26.7167,77.0167,63.82,28,0,1.83,IN,2021-02-01
236,dire,12.2833,-10.9667,67.75,21,91,1.88,ML,2021-02-01
237,dandeli,15.2667,74.6167,69.8,64,56,6.91,IN,2021-02-01
238,kapoeta,4.7717,33.5903,81.48,26,92,22.26,SS,2021-02-01
239,havelock,34.8791,-76.9013,55.99,100,90,12.66,US,2021-02-01
240,fortuna,40.5982,-124.1573,55.0,94,90,21.85,US,2021-02-01
241,otradnoye,59.7775,30.8181,24.8,86,75,11.18,RU,2021-02-01
242,anjiang,27.3194,110.1031,51.78,85,98,2.75,CN,2021-02-01
243,yulara,-25.2406,130.9889,95.0,20,75,14.97,AU,2021-02-01
244,steenwijk,52.7875,6.1208,30.0,90,100,1.99,NL,2021-02-01
245,somerset east,-32.7217,25.588,59.36,86,100,12.57,ZA,2021-02-01
246,hilo,19.7297,-155.09,75.2,64,20,4.61,US,2021-02-01
247,trincomalee,8.5711,81.2335,80.08,79,1,17.9,LK,2021-02-01
248,san andres,12.5847,-81.7006,80.6,78,40,13.8,CO,2021-02-01
249,iralaya,15.0,-83.2333,77.38,86,5,9.82,HN,2021-02-01
250,ancud,-41.8697,-73.8203,54.0,87,0,3.44,CL,2021-02-01
251,olafsvik,64.8945,-23.7142,32.11,92,100,12.39,IS,2021-02-01
252,aksarka,66.5606,67.7975,-9.38,90,100,7.56,RU,2021-02-01
253,katsuura,35.1333,140.3,46.4,49,40,4.61,JP,2021-02-01
254,tricase,39.9304,18.3553,55.0,100,0,4.61,IT,2021-02-01
255,nebolchi,59.1239,33.3454,20.93,97,100,9.64,RU,2021-02-01
256,riachao das neves,-11.7461,-44.91,70.88,77,59,2.66,BR,2021-02-01
257,umm kaddadah,13.6017,26.6876,61.77,27,0,11.03,SD,2021-02-01
258,amahai,-3.3333,128.9167,88.5,56,80,3.98,ID,2021-02-01
259,krasnyy chikoy,50.3643,108.7512,-11.25,82,48,3.0,RU,2021-02-01
260,spearfish,44.4908,-103.8594,32.0,63,1,6.91,US,2021-02-01
261,malpe,13.35,74.7167,80.6,61,38,6.91,IN,2021-02-01
262,hurghada,27.2574,33.8129,57.2,44,0,6.91,EG,2021-02-01
263,constitucion,-35.3333,-72.4167,56.68,89,6,8.79,CL,2021-02-01
264,okhotsk,59.3833,143.3,-9.08,80,10,16.11,RU,2021-02-01
265,leningradskiy,69.3833,178.4167,-18.99,86,100,13.56,RU,2021-02-01
266,vrangel,42.7297,133.0839,35.92,92,98,9.31,RU,2021-02-01
267,baikunthpur,23.25,82.55,65.7,26,0,1.66,IN,2021-02-01
268,igarka,67.4667,86.5833,-13.97,88,100,15.23,RU,2021-02-01
269,ostrovnoy,68.0531,39.5131,11.55,94,87,3.69,RU,2021-02-01
270,banes,20.9625,-75.7186,73.4,88,20,9.22,CU,2021-02-01
271,jinchang,38.4953,102.1739,27.57,63,0,3.11,CN,2021-02-01
272,sobolevo,54.4299,31.8996,15.98,97,99,9.98,RU,2021-02-01
273,maloy,61.9353,5.1136,28.99,93,20,8.05,NO,2021-02-01
274,mtimbira,-8.7833,36.35,72.75,91,100,1.21,TZ,2021-02-01
275,kondinskoye,59.6481,67.41,5.67,95,65,9.15,RU,2021-02-01
276,diffa,13.3154,12.6113,66.47,24,8,8.66,NE,2021-02-01
277,port-cartier,50.0334,-66.8654,21.2,58,0,5.75,CA,2021-02-01
278,jequitinhonha,-16.4339,-41.0033,69.8,89,49,2.68,BR,2021-02-01
279,klaksvik,62.2266,-6.589,24.8,86,99,2.3,FO,2021-02-01
280,naberera,-4.2,36.9333,58.6,86,66,4.59,TZ,2021-02-01
281,goderich,43.7501,-81.7165,15.8,57,94,10.36,CA,2021-02-01
282,san lorenzo,-25.3333,-57.5333,75.2,88,0,5.75,PY,2021-02-01
283,nome,64.5011,-165.4064,6.8,56,90,13.8,US,2021-02-01
284,abnub,27.2696,31.1511,44.6,70,0,9.22,EG,2021-02-01
285,morondava,-20.2833,44.2833,79.97,79,26,7.25,MG,2021-02-01
286,taloqan,36.7361,69.5345,47.32,54,0,2.53,AF,2021-02-01
287,guerrero negro,27.9769,-114.0611,64.04,56,100,2.39,MX,2021-02-01
288,luanda,-8.8368,13.2343,78.8,83,40,3.44,AO,2021-02-01
289,bhitarwar,25.8,78.1167,64.24,29,0,5.03,IN,2021-02-01
290,novosibirsk,55.0411,82.9344,-18.4,76,0,4.47,RU,2021-02-01
291,gopalpur,19.2667,84.9167,74.12,70,5,6.04,IN,2021-02-01
292,cobija,-11.0267,-68.7692,73.38,85,74,2.33,BO,2021-02-01
293,avarua,-21.2078,-159.775,84.2,70,75,5.75,CK,2021-02-01
294,hofn,64.2539,-15.2082,26.76,85,8,7.43,IS,2021-02-01
295,ajaccio,42.0,8.9167,50.0,93,75,4.61,FR,2021-02-01
296,kununurra,-15.7667,128.7333,84.2,84,99,13.8,AU,2021-02-01
297,porangatu,-13.4408,-49.1486,71.91,87,30,2.08,BR,2021-02-01
298,ojinaga,29.5667,-104.4167,55.4,33,1,10.36,MX,2021-02-01
299,kigonsera,-10.8,35.05,62.4,100,100,1.48,TZ,2021-02-01
300,samarai,-10.6167,150.6667,84.9,72,70,10.0,PG,2021-02-01
301,shunyi,40.125,116.6453,34.0,16,0,13.42,CN,2021-02-01
302,tabas,33.5959,56.9244,39.2,48,22,2.3,IR,2021-02-01
303,sabzevar,36.2126,57.6819,33.8,47,0,6.91,IR,2021-02-01
304,sovetskiy,61.3614,63.5842,10.58,96,100,11.54,RU,2021-02-01
305,vardo,70.3705,31.1107,23.0,86,75,5.75,NO,2021-02-01
306,pozo colorado,-23.4923,-58.7972,77.2,89,98,2.91,PY,2021-02-01
307,flinders,-34.5833,150.8552,84.0,67,56,4.0,AU,2021-02-01
308,biltine,14.5333,20.9167,68.83,22,0,9.4,TD,2021-02-01
309,hambantota,6.1241,81.1185,82.4,83,20,8.05,LK,2021-02-01
310,teguise,29.0605,-13.564,62.6,88,0,11.5,ES,2021-02-01
311,sao filipe,14.8961,-24.4956,72.59,68,0,8.34,CV,2021-02-01
312,qasigiannguit,68.8193,-51.1922,8.6,56,75,8.05,GL,2021-02-01
313,gat,31.61,34.7642,48.99,87,0,1.14,IL,2021-02-01
314,pahrump,36.2083,-115.9839,48.0,66,97,0.49,US,2021-02-01
315,ovsyanka,55.9575,92.5519,-27.4,75,38,2.24,RU,2021-02-01
316,arraial do cabo,-22.9661,-42.0278,76.48,85,100,24.92,BR,2021-02-01
317,vila franca do campo,37.7167,-25.4333,62.01,88,75,20.71,PT,2021-02-01
318,grand gaube,-20.0064,57.6608,82.0,78,16,10.0,MU,2021-02-01
319,sao domingos do maranhao,-5.5758,-44.3853,72.64,90,75,0.58,BR,2021-02-01
320,labuhan,-6.8844,112.2051,84.49,74,81,13.89,ID,2021-02-01
321,vila velha,-20.3297,-40.2925,77.0,83,20,6.91,BR,2021-02-01
322,jacareacanga,-6.2222,-57.7528,73.92,94,85,1.45,BR,2021-02-01
323,pringsewu,-5.3582,104.9744,86.18,65,66,5.14,ID,2021-02-01
324,presidencia roque saenz pena,-26.7852,-60.4388,73.99,91,94,1.99,AR,2021-02-01
325,shimoda,34.6667,138.95,50.0,71,20,10.36,JP,2021-02-01
326,ishigaki,24.3448,124.1572,75.2,57,40,12.66,JP,2021-02-01
327,naze,28.3667,129.4833,71.6,56,20,17.27,JP,2021-02-01
328,emerald,-23.5333,148.1667,93.0,35,40,10.36,AU,2021-02-01
329,nantucket,41.2835,-70.0995,30.0,74,75,4.61,US,2021-02-01
330,santa cruz,-17.8,-63.1667,77.0,88,75,12.66,BO,2021-02-01
331,moquegua,-17.1956,-70.9353,66.52,51,85,1.88,PE,2021-02-01
332,sola,-13.8833,167.55,87.8,70,75,30.4,VU,2021-02-01
333,neryungri,56.6709,124.6491,-36.98,77,100,12.1,RU,2021-02-01
334,huarmey,-10.0681,-78.1522,70.07,82,87,7.67,PE,2021-02-01
335,crestview,30.7621,-86.5705,55.99,67,1,16.11,US,2021-02-01
336,meulaboh,4.1363,96.1285,86.0,62,43,0.89,ID,2021-02-01
337,mulchen,-37.7167,-72.2333,55.06,94,99,3.0,CL,2021-02-01
338,tautira,-17.7333,-149.15,86.0,58,75,6.91,PF,2021-02-01
339,quang ngai,15.1167,108.8,76.35,68,40,7.92,VN,2021-02-01
340,byron bay,-28.65,153.6167,82.4,57,40,12.66,AU,2021-02-01
341,likasi,-10.9814,26.7333,63.54,94,100,2.84,CD,2021-02-01
342,moroni,-11.7022,43.2551,81.25,71,99,3.15,KM,2021-02-01
343,haimen,23.1935,116.6142,69.8,56,0,4.47,CN,2021-02-01
344,zhigansk,66.7697,123.3711,-42.11,79,51,5.28,RU,2021-02-01
345,balakhta,55.38,91.6,-10.23,85,63,2.86,RU,2021-02-01
346,gaurnadi,22.9667,90.2333,68.41,28,0,5.97,BD,2021-02-01
347,akureyri,65.6835,-18.0878,-5.8,77,0,4.61,IS,2021-02-01
348,lujan,-34.5703,-59.105,64.99,98,95,11.01,AR,2021-02-01
349,kaohsiung,22.6163,120.3133,78.8,18,20,4.61,TW,2021-02-01
350,sakakah,29.9697,40.2064,44.6,53,0,3.44,SA,2021-02-01
351,barkly west,-28.5354,24.5215,59.0,94,0,3.44,ZA,2021-02-01
352,le passage,44.2014,0.6028,53.01,93,75,14.97,FR,2021-02-01
353,husavik,66.0449,-17.3389,-5.8,77,0,4.61,IS,2021-02-01
354,pamekasan,-7.1568,113.4746,85.08,73,65,16.51,ID,2021-02-01
355,mago,53.2514,140.1822,-13.52,85,80,4.36,RU,2021-02-01
356,palm coast,29.585,-81.2078,70.0,68,90,11.5,US,2021-02-01
357,malinovoye ozero,51.6753,79.7825,10.02,93,100,5.01,RU,2021-02-01
358,cidreira,-30.1811,-50.2056,74.05,92,100,6.24,BR,2021-02-01
359,yumen,40.2833,97.2,27.99,64,0,7.16,CN,2021-02-01
360,champerico,14.3,-91.9167,66.0,91,0,8.21,GT,2021-02-01
361,knokke-heist,51.3333,3.3333,36.0,100,90,10.36,BE,2021-02-01
362,ofaqim,31.3141,34.6203,57.38,54,0,8.52,IL,2021-02-01
363,urucui,-7.2294,-44.5561,75.18,82,11,2.08,BR,2021-02-01
364,terrace,54.5163,-128.6035,28.4,86,75,4.61,CA,2021-02-01
365,los llanos de aridane,28.6585,-17.9182,62.6,82,0,11.5,ES,2021-02-01
366,taltal,-25.4,-70.4833,66.49,71,0,4.72,CL,2021-02-01
367,ambon,-3.6954,128.1814,91.4,58,40,10.36,ID,2021-02-01
368,neuquen,-38.9516,-68.0591,60.8,67,0,4.61,AR,2021-02-01
369,bend,44.0582,-121.3153,41.0,75,20,7.99,US,2021-02-01
370,port hawkesbury,45.6169,-61.3485,28.99,74,90,6.91,CA,2021-02-01
371,george town,5.4112,100.3354,86.0,62,20,9.22,MY,2021-02-01
372,ayagoz,47.9714,80.4392,20.71,89,100,1.28,KZ,2021-02-01
373,atar,20.5169,-13.0499,67.91,25,100,8.23,MR,2021-02-01
374,turukhansk,65.8167,87.9833,-10.93,90,100,8.79,RU,2021-02-01
375,vila,42.0304,-8.1588,51.01,90,100,15.01,PT,2021-02-01
376,qui nhon,13.7667,109.2333,75.24,72,97,12.37,VN,2021-02-01
377,luena,-11.7833,19.9167,62.1,94,100,6.85,AO,2021-02-01
378,oussouye,12.485,-16.5469,71.6,88,0,2.3,SN,2021-02-01
379,nayoro,44.3506,142.4578,29.25,94,94,14.83,JP,2021-02-01
380,puerto montt,-41.4698,-72.9447,53.6,94,0,1.14,CL,2021-02-01
381,evensk,61.95,159.2333,-9.06,88,100,19.64,RU,2021-02-01
382,destin,30.3935,-86.4958,57.99,67,1,20.71,US,2021-02-01
383,ostersund,63.1792,14.6357,12.2,92,90,0.98,SE,2021-02-01
384,corinto,37.9407,22.9573,54.0,74,100,1.99,GR,2021-02-01
385,havre-saint-pierre,50.2334,-63.5986,8.6,78,1,6.91,CA,2021-02-01
386,kaitangata,-46.2817,169.8464,66.99,63,7,8.01,NZ,2021-02-01
387,kunigal,13.0222,77.0267,64.4,94,20,11.72,IN,2021-02-01
388,faya,18.3851,42.4509,51.8,57,0,3.44,SA,2021-02-01
389,tual,-5.6667,132.75,82.87,72,100,10.96,ID,2021-02-01
390,eureka,40.8021,-124.1637,55.0,83,100,4.0,US,2021-02-01
391,ibra,22.6906,58.5334,68.32,40,0,0.78,OM,2021-02-01
392,skibotn,69.3913,20.2679,26.6,86,75,5.75,NO,2021-02-01
393,saint-augustin,51.226,-58.6502,11.43,90,0,11.5,CA,2021-02-01
394,mikhaylovka,50.06,43.2379,30.99,88,98,1.86,RU,2021-02-01
395,tungor,53.3808,142.9564,-13.4,81,0,16.62,RU,2021-02-01
396,thunder bay,48.4001,-89.3168,24.01,93,90,2.33,CA,2021-02-01
397,gambela,8.25,34.5833,76.73,43,21,3.04,ET,2021-02-01
398,beloha,-25.1667,45.05,81.16,68,0,4.97,MG,2021-02-01
399,vestmannaeyjar,63.4427,-20.2734,33.1,86,99,18.59,IS,2021-02-01
400,strezhevoy,60.7333,77.5889,-4.0,84,0,4.47,RU,2021-02-01
401,loa janan,-0.583,117.095,88.75,55,100,4.36,ID,2021-02-01
402,kroya,-7.6331,109.2461,88.07,60,96,3.31,ID,2021-02-01
403,kahului,20.8947,-156.47,73.4,68,40,14.97,US,2021-02-01
404,puerto madero,14.7208,-92.4215,75.2,100,20,6.22,MX,2021-02-01
405,sheltozero,61.3667,35.3667,11.97,96,86,6.26,RU,2021-02-01
406,high level,58.5169,-117.136,-4.0,84,75,8.05,CA,2021-02-01
407,pascagoula,30.3658,-88.5561,55.4,62,90,11.5,US,2021-02-01
408,shibetsu,43.659,145.132,24.8,58,20,8.05,JP,2021-02-01
409,kaspiyskiy,45.3929,47.3707,34.86,91,73,3.33,RU,2021-02-01
410,morehead,37.2711,-87.1764,33.8,80,90,8.05,US,2021-02-01
411,bagepalli,13.7847,77.7931,68.0,77,54,4.61,IN,2021-02-01
412,tiksi,71.6872,128.8694,-27.27,86,100,6.6,RU,2021-02-01
413,jacobina,-11.1806,-40.5183,70.12,92,99,5.23,BR,2021-02-01
414,amga,60.8953,131.9608,-35.01,78,100,5.99,RU,2021-02-01
415,antalaha,-14.9003,50.2788,78.4,76,100,4.83,MG,2021-02-01
416,calabozo,8.9242,-67.4293,79.27,64,95,9.33,VE,2021-02-01
417,san quintin,30.4833,-115.95,59.27,66,98,7.94,MX,2021-02-01
418,tombouctou,20.0,-3.0,64.2,25,29,9.69,ML,2021-02-01
419,seoul,37.5683,126.9778,50.0,66,75,10.36,KR,2021-02-01
420,chatra,24.2167,84.8667,50.0,81,0,4.61,IN,2021-02-01
421,wilkie,52.4168,-108.7014,5.0,92,1,14.97,CA,2021-02-01
422,plainview,40.7765,-73.4673,27.0,86,90,9.22,US,2021-02-01
423,berlevag,70.8578,29.0864,19.4,79,0,8.05,NO,2021-02-01
424,marawi,7.9986,124.2928,75.85,80,100,6.02,PH,2021-02-01
425,dunmore town,25.5,-76.65,73.54,78,92,21.3,BS,2021-02-01
426,benguela,-12.5763,13.4055,73.4,80,100,3.09,AO,2021-02-01
427,mingaora,34.7758,72.3625,52.11,43,12,5.57,PK,2021-02-01
428,ushtobe,45.2514,77.9838,29.7,88,99,2.08,KZ,2021-02-01
429,sorland,67.667,12.6934,19.4,93,0,3.44,NO,2021-02-01
430,salinopolis,-0.6136,-47.3561,79.25,84,95,11.39,BR,2021-02-01
431,karema,-6.8205,30.4389,70.97,83,100,4.07,TZ,2021-02-01
432,bulgan,48.8125,103.5347,-2.34,84,0,3.2,MN,2021-02-01
433,kawalu,-7.3817,108.2082,89.65,50,99,1.79,ID,2021-02-01
434,paamiut,61.994,-49.6678,20.73,88,0,16.58,GL,2021-02-01
435,ciudad bolivar,8.1222,-63.5497,76.08,75,96,12.77,VE,2021-02-01
436,kouango,4.9934,19.9619,70.45,45,55,2.77,CF,2021-02-01
437,teknaf,20.8624,92.3058,73.89,25,2,9.91,BD,2021-02-01
438,carson city,39.1638,-119.7674,32.0,74,1,3.44,US,2021-02-01
439,bafoulabe,13.8065,-10.8321,69.15,19,80,3.38,ML,2021-02-01
440,djambala,-2.5447,14.7533,67.73,93,72,1.9,CG,2021-02-01
441,ginda,30.6945,78.4932,56.68,29,0,2.3,IN,2021-02-01
442,eirunepe,-6.6603,-69.8736,73.0,95,100,1.21,BR,2021-02-01
443,ouegoa,-20.35,164.4333,82.13,65,100,18.68,NC,2021-02-01
444,roald,62.5833,6.1333,32.0,74,90,8.05,NO,2021-02-01
445,coihaique,-45.5752,-72.0662,57.2,62,0,4.61,CL,2021-02-01
446,harper,4.375,-7.7169,78.06,89,6,7.38,LR,2021-02-01
447,appleton,44.2619,-88.4154,21.99,73,40,4.61,US,2021-02-01
448,itabaiana,-10.685,-37.4253,80.6,74,40,6.91,BR,2021-02-01
449,kilinochchi,9.3961,80.3982,79.77,81,9,14.41,LK,2021-02-01
450,ocos,14.5094,-92.1933,75.2,100,20,8.08,GT,2021-02-01
451,trelew,-43.249,-65.3051,71.11,38,36,18.23,AR,2021-02-01
452,san rafael del sur,11.8485,-86.4384,80.6,69,40,4.61,NI,2021-02-01
453,sur,22.5667,59.5289,75.0,45,0,1.43,OM,2021-02-01
454,huinan,42.6225,126.2614,5.14,92,100,14.2,CN,2021-02-01
455,waseca,44.0777,-93.5074,27.0,86,90,13.8,US,2021-02-01
456,sol-iletsk,51.1631,54.9918,24.01,98,100,10.31,RU,2021-02-01
457,bemidji,47.4736,-94.8803,19.4,93,90,8.05,US,2021-02-01
458,lorengau,-2.0226,147.2712,83.35,77,100,11.18,PG,2021-02-01
459,sembe,1.6481,14.5806,70.36,92,96,2.1,CG,2021-02-01
460,kharan,28.5833,65.4167,63.27,29,0,0.89,PK,2021-02-01
461,opuwo,-18.0607,13.84,63.36,62,89,3.13,NA,2021-02-01
462,oranjestad,12.524,-70.027,78.8,83,40,17.27,AW,2021-02-01
463,yerbogachen,61.2767,108.0108,-30.55,81,70,5.88,RU,2021-02-01
464,ranfurly,-45.1333,170.1,70.0,54,61,4.0,NZ,2021-02-01
465,san jeronimo,-11.9472,-75.2829,48.92,73,100,1.45,PE,2021-02-01
466,te anau,-45.4167,167.7167,73.31,49,10,2.71,NZ,2021-02-01
467,sao joao da barra,-21.6403,-41.0511,77.09,82,96,20.36,BR,2021-02-01
468,onzaga,6.3443,-72.8173,57.34,72,83,5.73,CO,2021-02-01
469,kavaratti,10.5669,72.642,81.41,75,2,13.0,IN,2021-02-01
470,tambopata,-12.7333,-69.1833,74.97,87,91,1.92,PE,2021-02-01
471,mabaruma,8.2,-59.7833,72.93,87,37,4.52,GY,2021-02-01
472,abrau-dyurso,44.69,37.59,48.2,76,100,15.66,RU,2021-02-01
473,esmeraldas,-19.7625,-44.3139,73.4,64,0,6.91,BR,2021-02-01
474,nouakchott,18.0858,-15.9785,69.8,16,100,4.61,MR,2021-02-01
475,ngunguru,-35.6167,174.5,67.62,63,0,8.59,NZ,2021-02-01
476,atambua,-9.1061,124.8925,78.62,79,80,6.67,ID,2021-02-01
477,portland,45.5234,-122.6762,48.99,81,90,4.61,US,2021-02-01
478,omboue,-1.5746,9.2618,76.28,88,93,2.44,GA,2021-02-01
479,pisco,-13.7,-76.2167,71.01,73,0,9.22,PE,2021-02-01
480,binga,-17.6203,27.3414,72.66,89,100,2.51,ZW,2021-02-01
481,elizabeth city,36.2946,-76.2511,43.0,100,100,5.01,US,2021-02-01
482,ozernovskiy,51.5,156.5167,19.56,94,100,32.86,RU,2021-02-01
483,sao desiderio,-12.3633,-44.9733,75.54,55,70,2.93,BR,2021-02-01
484,raga,8.4596,25.678,63.3,28,51,2.93,SS,2021-02-01
485,camacha,33.0833,-16.3333,60.8,88,20,5.75,PT,2021-02-01
486,ballina,-28.8667,153.5667,82.4,57,40,12.66,AU,2021-02-01
487,durant,33.994,-96.3708,44.01,75,1,5.75,US,2021-02-01
488,zhangye,38.9342,100.4517,31.14,62,0,4.38,CN,2021-02-01
489,andros town,24.7,-77.7667,69.8,94,0,9.22,BS,2021-02-01
490,sturgeon falls,46.3646,-79.9326,5.0,72,1,9.22,CA,2021-02-01
491,kutum,14.2,24.6667,55.0,34,0,5.12,SD,2021-02-01
492,isla vista,34.4133,-119.861,55.99,76,1,1.97,US,2021-02-01
493,imatra,61.1719,28.7524,19.99,93,100,6.69,FI,2021-02-01
494,liverpool,53.4106,-2.9779,34.0,80,92,5.75,GB,2021-02-01
495,le mans,48.0,0.2,50.0,100,90,5.75,FR,2021-02-01
496,rio gallegos,-51.6226,-69.2181,57.2,51,0,6.91,AR,2021-02-01
497,pyay,18.8167,95.2167,83.05,24,1,3.4,MM,2021-02-01
498,pak chong,14.708,101.4161,93.0,36,0,10.65,TH,2021-02-01
499,yarim,14.298,44.3779,46.72,47,0,4.7,YE,2021-02-01
500,geraldton,-28.7667,114.6,102.2,14,0,21.85,AU,2021-02-01
501,muncar,-8.4333,114.3333,79.79,79,100,1.77,ID,2021-02-01
502,riacho de santana,-13.6092,-42.9389,72.5,66,49,5.12,BR,2021-02-01
503,shwebo,22.5667,95.7,76.33,39,16,0.43,MM,2021-02-01
504,maragogi,-9.0122,-35.2225,77.22,81,100,6.87,BR,2021-02-01
505,san luis,-33.295,-66.3356,54.79,87,29,10.04,AR,2021-02-01
506,bilibino,68.0546,166.4372,-6.0,85,100,12.24,RU,2021-02-01
507,biak,-0.9131,122.8766,83.17,65,100,0.67,ID,2021-02-01
508,enterprise,36.0252,-115.2419,53.6,32,75,3.44,US,2021-02-01
509,nanchong,30.7951,106.0847,56.97,58,0,3.24,CN,2021-02-01
510,aklavik,68.2191,-135.0107,-20.2,76,100,5.75,CA,2021-02-01
511,nokaneng,-19.6667,22.2667,70.11,88,95,3.2,BW,2021-02-01
512,lod,31.9514,34.8953,48.99,87,0,1.14,IL,2021-02-01
513,kanniyakumari,8.0833,77.5667,79.92,71,52,23.58,IN,2021-02-01
514,hervey bay,-25.2986,152.8535,80.01,68,1,4.0,AU,2021-02-01
515,timra,62.487,17.3257,12.0,92,45,3.44,SE,2021-02-01
516,makokou,0.5738,12.8642,70.11,94,91,4.45,GA,2021-02-01
517,matara,5.9485,80.5353,81.75,72,52,4.97,LK,2021-02-01
518,tutoia,-2.7619,-42.2744,78.96,88,96,11.41,BR,2021-02-01
519,springbok,-29.6643,17.8865,55.4,93,1,1.03,ZA,2021-02-01
520,quatre cocos,-20.2078,57.7625,82.4,74,40,11.5,MU,2021-02-01
521,walvis bay,-22.9575,14.5053,66.0,77,88,9.22,NA,2021-02-01
522,belaya gora,68.5333,146.4167,-27.35,85,100,2.48,RU,2021-02-01
523,lagoa,39.05,-27.9833,61.74,87,100,21.72,PT,2021-02-01
524,metu,8.3,35.5833,57.15,73,60,2.3,ET,2021-02-01
525,srednekolymsk,67.45,153.6833,-21.24,86,100,8.43,RU,2021-02-01
526,kyren,51.6828,102.1408,-3.98,75,14,0.38,RU,2021-02-01
527,moussoro,13.6408,16.4901,67.8,23,0,8.37,TD,2021-02-01
528,nuevo progreso,23.1667,-97.95,68.0,56,84,4.0,MX,2021-02-01
529,dapaong,10.8639,0.205,69.85,21,69,8.19,TG,2021-02-01
530,beira,-19.8436,34.8389,77.0,100,20,3.44,MZ,2021-02-01
531,west bay,19.3667,-81.4167,78.01,73,20,5.75,KY,2021-02-01
532,drumheller,51.4617,-112.7101,35.6,80,100,2.3,CA,2021-02-01
533,avanigadda,16.0215,80.9181,78.8,83,5,4.61,IN,2021-02-01
534,yanji,42.9075,129.5078,32.23,85,79,12.08,CN,2021-02-01
535,shepsi,44.0361,39.1489,49.55,71,99,12.06,RU,2021-02-01
536,buenaventura,3.8801,-77.0312,75.54,92,98,1.66,CO,2021-02-01
537,mandiana,10.6333,-8.6833,65.91,23,0,4.41,GN,2021-02-01
538,karuzi,-3.125,30.1333,59.11,92,100,1.61,BI,2021-02-01
539,buraydah,26.326,43.975,51.8,62,0,5.75,SA,2021-02-01
540,mezhdurechensk,53.6942,88.0603,10.09,87,49,2.62,RU,2021-02-01
541,lahij,13.1667,44.5833,66.22,84,48,4.92,YE,2021-02-01
542,nizhnevartovsk,60.9344,76.5531,-4.0,84,0,4.47,RU,2021-02-01
543,anenecuilco,18.7667,-98.9833,68.41,36,0,3.6,MX,2021-02-01
544,fort nelson,58.8053,-122.7002,-7.6,77,90,2.3,CA,2021-02-01
545,gorele,41.0308,39.0031,46.4,71,0,3.44,TR,2021-02-01
546,boone,39.0334,-92.3335,33.01,83,100,13.67,US,2021-02-01
547,riyadh,24.6877,46.7219,55.4,33,0,4.25,SA,2021-02-01
548,tukrah,32.5341,20.5791,59.85,54,100,12.37,LY,2021-02-01
549,revda,56.801,59.9303,15.8,100,89,6.71,RU,2021-02-01
550,bilma,18.6853,12.9164,56.55,31,24,4.29,NE,2021-02-01
551,kieta,-6.2167,155.6333,85.33,74,56,13.27,PG,2021-02-01
552,shelburne,44.0787,-80.2041,14.0,62,1,5.75,CA,2021-02-01
553,semibratovo,57.3046,39.5369,26.6,80,90,13.42,RU,2021-02-01
554,ust-maya,60.4167,134.5333,-36.17,78,100,4.59,RU,2021-02-01
